hospital_id,hospital_name,ownership,division,district,upazila,latitude,longitude,facility_type,facility_level,total_beds,vacant_beds,icu_beds,available_icu_beds,accepting_referrals,last_reported_date,last_reported_time,has_emergency,emergency_level,dept_medicine,dept_cardiology,dept_neurology,dept_gastroenterology,dept_pulmonology,dept_nephrology,dept_orthopedics,dept_surgery,dept_ent,dept_obgyn,dept_pediatrics,dept_dermatology,dept_ophthalmology,dept_psychiatry
FR00001,Hathazari 50-bed Hospital,Fully Government-owned,Chattogram,Chattogram,Hathazari,21.50499,92.14067,50-bed Hospital,Secondary,50,4,0,0,1,2026-01-12,9:30,1,2,1,0,0,0,0,0,1,1,1,1,1,0,1,0
FR00002,Cumilla Medical College Hospital,Fully Government-owned,Chattogram,Cumilla,Daudkandi,21.76532,92.00202,Medical College Hospital,Tertiary,500,22,28,6,1,2026-01-12,9:45,1,3,1,1,1,1,1,1,1,1,1,1,1,1,1,1
FR00003,Jashore Specialized Hospital,Fully Government-owned,Khulna,Jashore,Jashore Sadar,23.0693,89.68293,Specialized Hospital,Tertiary,401,18,28,5,1,2026-01-12,10:00,1,3,1,1,1,1,1,1,1,1,1,1,1,1,1,1
FR00004,Ishwardi 20-bed Hospital,Fully Government-owned,Rajshahi,Pabna,Ishwardi,24.93582,88.77123,20-bed Hospital,Primary,20,2,0,0,1,2026-01-12,10:05,1,1,1,0,0,0,0,0,0,0,0,1,1,0,0,0
FR00005,Moulvibazar Specialized Hospital,Fully Government-owned,Sylhet,Moulvibazar,Moulvibazar Sadar,25.23784,91.65516,Specialized Hospital,Tertiary,374,20,22,5,1,2026-01-12,10:15,1,3,1,1,1,1,1,1,1,1,1,1,1,1,1,1
FR00006,Galachipa 50-bed Hospital,Fully Government-owned,Barishal,Patuakhali,Galachipa,22.09627,90.20257,50-bed Hospital,Secondary,50,3,0,0,1,2026-01-12,10:20,1,2,1,0,0,0,0,0,1,1,1,1,1,0,1,0
FR00007,Panchlaish 10-bed Hospital,Fully Government-owned,Chattogram,Chattogram,Panchlaish,22.96822,91.56265,10-bed Hospital,Primary,10,0,0,0,0,2026-01-12,10:25,0,0,1,0,0,0,0,0,0,0,0,0,0,0,0,0
FR00008,Laksam Upazila Health Complex,Fully Government-owned,Chattogram,Cumilla,Laksam,21.62681,91.77946,Upazila Health Complex,Primary,100,0,0,0,0,2026-01-12,10:30,0,0,1,0,0,0,0,0,0,0,0,0,0,0,0,0
FR00009,Jashore Sadar 50-bed Hospital,Fully Government-owned,Khulna,Jashore,Jashore Sadar,22.60117,89.05957,50-bed Hospital,Secondary,50,4,1,0,1,2026-01-12,10:35,1,2,1,0,0,0,0,0,1,1,1,1,1,0,1,0
FR00010,Sylhet Specialized Hospital,Fully Government-owned,Sylhet,Sylhet,Golapganj,25.01428,91.70001,Specialized Hospital,Tertiary,302,25,34,7,1,2026-01-12,10:40,1,3,1,1,1,1,1,1,1,1,1,1,1,1,1,1
FR00011,Rajshahi Maternal & Child Welfare Centre (MCWC),Fully Government-owned,Rajshahi,Rajshahi,Godagari,24.37688,89.55695,Maternal & Child Welfare Centre (MCWC),Secondary,44,3,0,0,1,2026-01-12,10:45,1,2,1,0,0,0,0,0,1,1,1,1,1,0,1,0
FR00012,Dinajpur Sadar Upazila Health Complex,Fully Government-owned,Rangpur,Dinajpur,Dinajpur Sadar,26.40925,89.6611,Upazila Health Complex,Primary,100,0,0,0,0,2026-01-12,10:50,0,0,1,0,0,0,0,0,0,0,0,0,1,0,0,0
FR00013,Badarganj 10-bed Hospital,Fully Government-owned,Rangpur,Rangpur,Badarganj,26.75373,89.66078,10-bed Hospital,Primary,10,0,0,0,0,2026-01-12,10:55,0,0,1,0,0,0,0,0,0,0,0,0,1,0,0,0
FR00014,Patuakhali Sadar 30-bed Hospital,Fully Government-owned,Barishal,Patuakhali,Patuakhali Sadar,21.80422,90.50546,30-bed Hospital,Secondary,31,4,0,0,1,2026-01-12,11:00,1,2,1,0,0,0,0,0,1,1,1,1,1,0,1,0
FR00015,Barishal District Hospital,Fully Government-owned,Barishal,Barishal,Bakerganj,22.45996,90.13924,District/General Hospital,Secondary,250,12,6,2,1,2026-01-12,11:05,1,2,1,0,0,0,0,0,1,1,1,1,1,0,1,0
FR00016,Sylhet Maternal & Child Welfare Centre (MCWC),Fully Government-owned,Sylhet,Sylhet,Golapganj,24.89089,91.67831,Maternal & Child Welfare Centre (MCWC),Secondary,10,1,0,0,1,2026-01-12,11:10,1,2,1,0,0,0,0,0,1,1,1,1,1,0,1,0
FR00017,Moulvibazar Medical College Hospital,Fully Government-owned,Sylhet,Moulvibazar,Moulvibazar Sadar,25.25756,91.65996,Medical College Hospital,Tertiary,750,32,84,8,1,2026-01-12,11:15,1,3,1,1,1,1,1,1,1,1,1,1,1,1,1,1
FR00018,Phulpur Upazila Health Complex,Fully Government-owned,Mymensingh,Mymensingh,Phulpur,25.34153,90.28164,Upazila Health Complex,Primary,31,0,0,0,0,2026-01-12,11:20,0,0,1,0,0,0,0,0,0,0,0,0,0,0,0,0
FR00019,Batiaghata 30-bed Hospital,Fully Government-owned,Khulna,Khulna,Batiaghata,22.84988,89.39429,30-bed Hospital,Secondary,31,3,1,0,1,2026-01-12,11:25,1,2,1,0,0,0,0,0,1,1,1,1,1,0,1,0
FR00020,Mymensingh Sadar 50-bed Hospital,Fully Government-owned,Mymensingh,Mymensingh,Mymensingh Sadar,24.94714,90.35313,50-bed Hospital,Secondary,50,4,1,0,1,2026-01-12,11:30,1,2,1,0,0,0,0,0,1,1,1,1,1,0,1,0
FR00021,Khulna Medical College Hospital,Fully Government-owned,Khulna,Khulna,Khulna Sadar,22.23141,89.29739,Medical College Hospital,Tertiary,750,35,41,9,1,2026-01-12,11:30,1,3,1,1,1,1,1,1,1,1,1,1,1,1,1,1
FR00022,Jashore Specialized Hospital,Fully Government-owned,Khulna,Jashore,Chaugachha,22.92335,89.79415,Specialized Hospital,Tertiary,209,16,18,4,1,2026-01-12,21:55,1,3,1,1,1,1,1,1,1,1,1,1,1,1,1,1
FR00023,Trishal 10-bed Hospital,Fully Government-owned,Mymensingh,Mymensingh,Trishal,25.02488,90.48973,10-bed Hospital,Primary,10,0,0,0,0,2026-01-12,22:00,1,1,1,0,0,0,0,0,0,0,0,0,0,0,0,0
FR00024,Dhanmondi 10-bed Hospital,Fully Government-owned,Dhaka,Dhaka,Dhanmondi,23.65464,90.13411,10-bed Hospital,Primary,10,0,0,0,1,2026-01-12,22:05,0,0,1,0,0,0,0,0,0,0,0,1,0,0,0,0
FR00025,Shibganj 50-bed Hospital,Fully Government-owned,Rajshahi,Bogura,Shibganj,24.79202,89.07046,50-bed Hospital,Secondary,50,4,1,0,1,2026-01-12,22:10,1,2,1,0,0,0,0,0,1,1,1,1,1,0,1,0
FR00026,Dhanmondi 50-bed Hospital,Fully Government-owned,Dhaka,Dhaka,Dhanmondi,23.84068,90.60526,50-bed Hospital,Secondary,50,5,1,0,1,2026-01-12,22:15,1,2,1,0,0,0,0,0,1,1,1,1,1,0,1,0
FR00027,Gazipur Medical College Hospital,Fully Government-owned,Dhaka,Gazipur,Kapasia,23.99204,90.31851,Medical College Hospital,Tertiary,1200,38,82,10,1,2026-01-12,22:20,1,3,1,1,1,1,1,1,1,1,1,1,1,1,1,1
FR00028,Dinajpur Sadar 50-bed Hospital,Fully Government-owned,Rangpur,Dinajpur,Dinajpur Sadar,25.29357,89.53574,50-bed Hospital,Secondary,50,3,0,0,1,2026-01-12,22:25,1,2,1,0,0,0,0,0,1,1,1,1,1,0,1,0
FR00029,Narayanganj Medical College Hospital,Fully Government-owned,Dhaka,Narayanganj,Narayanganj Sadar,24.02636,90.1102,Medical College Hospital,Tertiary,1200,45,102,12,1,2026-01-12,22:30,1,3,1,1,1,1,1,1,1,1,1,1,1,1,1,1
FR00030,Chattogram Trauma Center,Fully Government-owned,Chattogram,Chattogram,Panchlaish,21.77041,91.51989,Trauma Center,Tertiary,67,6,7,2,1,2026-01-12,22:35,1,3,1,1,1,1,1,1,1,1,1,1,1,1,1,1
FR00031,Khulna District Hospital,Fully Government-owned,Khulna,Khulna,Batiaghata,22.76523,89.28473,District/General Hospital,Secondary,300,14,6,2,1,2026-01-12,22:40,1,2,1,0,0,0,0,0,1,1,1,1,1,0,1,0
FR00032,Bakerganj 20-bed Hospital,Fully Government-owned,Barishal,Barishal,Bakerganj,21.97014,90.45185,20-bed Hospital,Primary,20,0,0,0,0,2026-01-12,22:45,1,1,1,0,0,0,0,0,0,0,0,0,0,0,0,0
FR00033,Chattogram Trauma Center,Fully Government-owned,Chattogram,Chattogram,Sitakunda,21.44652,91.61315,Trauma Center,Tertiary,194,18,23,5,1,2026-01-12,22:50,1,3,1,1,1,1,1,1,1,1,1,1,1,1,1,1
FR00034,Barishal District Hospital,Fully Government-owned,Barishal,Barishal,Babuganj,22.00507,90.58362,District/General Hospital,Secondary,150,40,2,11,1,2026-01-12,22:55,1,2,1,0,0,0,0,0,1,1,1,1,1,0,1,0
FR00035,Barishal Maternal & Child Welfare Centre (MCWC),Fully Government-owned,Barishal,Barishal,Bakerganj,21.93466,90.61469,Maternal & Child Welfare Centre (MCWC),Secondary,29,0,1,0,1,2026-01-12,23:00,1,2,1,0,0,0,0,0,1,1,1,1,1,0,1,0
FR00036,Barishal Maternal & Child Welfare Centre (MCWC),Fully Government-owned,Barishal,Barishal,Barishal Sadar,22.58628,90.50233,Maternal & Child Welfare Centre (MCWC),Secondary,19,4,0,0,1,2026-01-12,23:05,1,2,1,0,0,0,0,0,1,1,1,1,1,0,1,0
FR00037,Jashore Specialized Hospital,Fully Government-owned,Khulna,Jashore,Chaugachha,23.0461,89.08307,Specialized Hospital,Tertiary,228,5,26,0,1,2026-01-12,23:10,1,3,1,1,1,1,1,1,1,1,1,1,1,1,1,1
FR00038,Dinajpur Medical College Hospital,Fully Government-owned,Rangpur,Dinajpur,Dinajpur Sadar,26.21938,89.06196,Medical College Hospital,Tertiary,1000,0,104,0,1,2026-01-12,23:15,1,3,1,1,1,1,1,1,1,1,1,1,1,1,1,1
FR00039,Jamalpur Medical College Hospital,Fully Government-owned,Mymensingh,Jamalpur,Sarishabari,25.27142,91.09432,Medical College Hospital,Tertiary,500,2,28,0,1,2026-01-12,23:20,1,3,1,1,1,1,1,1,1,1,1,1,1,1,1,1
FR00040,Narayanganj Maternal & Child Welfare Centre (MCWC),Fully Government-owned,Dhaka,Narayanganj,Araihazar,23.62091,90.25526,Maternal & Child Welfare Centre (MCWC),Secondary,19,0,0,0,1,2026-01-12,23:25,1,2,1,0,0,0,0,0,1,1,1,1,1,0,1,0
FR00041,Narayanganj Sadar 50-bed Hospital,Fully Government-owned,Dhaka,Narayanganj,Narayanganj Sadar,23.87994,90.6123,50-bed Hospital,Secondary,50,0,1,0,1,2026-01-12,23:30,1,2,1,0,0,0,0,0,1,1,1,1,1,0,1,0
FR00042,Rajshahi Sadar Upazila Health Complex,Fully Government-owned,Rajshahi,Rajshahi,Rajshahi Sadar,24.60485,88.76506,Upazila Health Complex,Primary,50,0,0,0,0,2026-01-12,23:35,1,1,1,0,0,0,0,0,0,0,0,0,0,0,0,0
FR00043,Jashore District Hospital,Fully Government-owned,Khulna,Jashore,Jashore Sadar,23.05859,89.20019,District/General Hospital,Secondary,300,0,8,0,1,2026-01-12,23:40,1,2,1,0,0,0,0,0,1,1,1,1,1,0,1,0
FR00044,Islampur 50-bed Hospital,Fully Government-owned,Mymensingh,Jamalpur,Islampur,24.51244,90.46109,50-bed Hospital,Secondary,50,5,0,0,1,2026-01-12,23:45,1,2,1,0,0,0,0,0,1,1,1,1,1,0,1,0
FR00045,Cox's Bazar Maternal & Child Welfare Centre (MCWC),Fully Government-owned,Chattogram,Cox's Bazar,Teknaf,22.98732,91.73115,Maternal & Child Welfare Centre (MCWC),Secondary,35,4,1,0,1,2026-01-12,23:50,1,2,1,0,0,0,0,0,1,1,1,1,1,0,1,0
FR00046,Savar Upazila Health Complex,Fully Government-owned,Dhaka,Dhaka,Savar,23.73273,90.07588,Upazila Health Complex,Primary,100,6,0,0,0,2026-01-12,23:55,0,0,1,0,0,0,0,0,0,0,0,0,0,0,0,0
FR00047,Moulvibazar Maternal & Child Welfare Centre (MCWC),Fully Government-owned,Sylhet,Moulvibazar,Kamalganj,24.96127,91.77831,Maternal & Child Welfare Centre (MCWC),Secondary,17,8,0,2,1,2026-01-13,0:00,1,2,1,0,0,0,0,0,1,1,1,1,1,0,1,0
FR00048,Rangpur Maternal & Child Welfare Centre (MCWC),Fully Government-owned,Rangpur,Rangpur,Mithapukur,25.31196,89.46424,Maternal & Child Welfare Centre (MCWC),Secondary,22,0,0,0,1,2026-01-13,0:05,1,2,1,0,0,0,0,0,1,1,1,1,1,0,1,0
FR00049,Moulvibazar District Hospital,Fully Government-owned,Sylhet,Moulvibazar,Kamalganj,25.03351,91.82833,District/General Hospital,Secondary,250,6,4,1,1,2026-01-13,0:10,1,2,1,0,0,0,0,0,1,1,1,1,1,0,1,0
FR00050,Barishal Sadar 10-bed Hospital,Fully Government-owned,Barishal,Barishal,Barishal Sadar,22.97365,90.43086,10-bed Hospital,Primary,10,7,0,1,0,2026-01-13,0:15,0,0,1,0,0,0,0,0,0,0,0,0,0,0,0,0
FR00051,Sonargaon 50-bed Hospital,Fully Government-owned,Dhaka,Narayanganj,Sonargaon,23.90333,90.22557,50-bed Hospital,Secondary,50,22,1,6,1,2026-01-13,0:20,1,2,1,0,0,0,0,0,1,1,1,1,1,0,1,0
FR00052,Sarishabari 50-bed Hospital,Fully Government-owned,Mymensingh,Jamalpur,Sarishabari,25.35582,90.90956,50-bed Hospital,Secondary,50,18,1,5,1,2026-01-13,0:25,1,2,1,0,0,0,0,0,1,1,1,1,1,0,1,0
FR00053,Cox's Bazar Trauma Center,Fully Government-owned,Chattogram,Cox's Bazar,Ukhia,23.204,91.63487,Trauma Center,Tertiary,135,4,8,0,1,2026-01-13,0:30,1,3,1,1,1,1,1,1,1,1,1,1,1,1,1,1
FR00054,Barishal Sadar Upazila Health Complex,Fully Government-owned,Barishal,Barishal,Barishal Sadar,23.07912,90.42789,Upazila Health Complex,Primary,31,16,0,4,0,2026-01-13,0:35,1,1,1,0,0,0,0,0,0,0,0,0,0,0,0,0
FR00055,Jhikargacha 10-bed Hospital,Fully Government-owned,Khulna,Jashore,Jhikargacha,22.88762,89.80339,10-bed Hospital,Primary,10,4,0,0,0,2026-01-13,0:40,1,1,1,0,0,0,0,0,0,0,0,0,0,0,0,0
FR00056,Rangpur Maternal & Child Welfare Centre (MCWC),Fully Government-owned,Rangpur,Rangpur,Rangpur Sadar,25.59872,89.64834,Maternal & Child Welfare Centre (MCWC),Secondary,39,32,0,8,1,2026-01-13,0:45,1,2,1,0,0,0,0,0,1,1,1,1,1,0,1,0
FR00057,Mymensingh Maternal & Child Welfare Centre (MCWC),Fully Government-owned,Mymensingh,Mymensingh,Trishal,25.34504,91.08057,Maternal & Child Welfare Centre (MCWC),Secondary,45,10,1,2,1,2026-01-13,0:50,1,2,1,0,0,0,0,0,1,1,1,1,1,0,1,0
FR00058,Dinajpur Specialized Hospital,Fully Government-owned,Rangpur,Dinajpur,Dinajpur Sadar,25.59558,89.43766,Specialized Hospital,Tertiary,330,0,22,0,1,2026-01-13,0:55,1,3,1,1,1,1,1,1,1,1,1,1,1,1,1,1
FR00059,Mymensingh Specialized Hospital,Fully Government-owned,Mymensingh,Mymensingh,Trishal,24.55794,90.46943,Specialized Hospital,Tertiary,139,6,14,1,1,2026-01-13,1:00,1,3,1,1,1,1,1,1,1,1,1,1,1,1,1,1
FR00060,Kotwali 50-bed Hospital,Fully Government-owned,Chattogram,Chattogram,Kotwali,22.71284,91.46423,50-bed Hospital,Secondary,50,12,1,3,1,2026-01-13,1:05,1,2,1,0,0,0,0,0,1,1,1,1,1,0,1,0
FR00061,Dinajpur Specialized Hospital,Fully Government-owned,Rangpur,Dinajpur,Parbatipur,26.53263,89.18948,Specialized Hospital,Tertiary,312,28,17,7,1,2026-01-13,1:10,1,3,1,1,1,1,1,1,1,1,1,1,1,1,1,1
FR00062,Tangail Medical College Hospital,Fully Government-owned,Dhaka,Tangail,Ghatail,23.79499,90.62415,Medical College Hospital,Tertiary,1000,4,71,0,1,2026-01-13,1:15,1,3,1,1,1,1,1,1,1,1,1,1,1,1,1,1
FR00063,Badarganj 50-bed Hospital,Fully Government-owned,Rangpur,Rangpur,Badarganj,25.24644,89.13613,50-bed Hospital,Secondary,50,6,1,1,1,2026-01-13,1:20,1,2,1,0,0,0,0,0,1,1,1,1,1,0,1,0
FR00064,Badarganj Upazila Health Complex,Fully Government-owned,Rangpur,Rangpur,Badarganj,26.65109,89.39189,Upazila Health Complex,Primary,100,5,0,0,1,2026-01-13,1:25,0,0,1,0,0,0,0,0,0,0,0,1,0,0,0,0
FR00065,Badarganj Upazila Health Complex,Fully Government-owned,Rangpur,Rangpur,Badarganj,25.72376,89.2547,Upazila Health Complex,Primary,31,30,0,8,0,2026-01-13,1:30,1,1,1,0,0,0,0,0,0,0,0,0,0,0,0,0
FR00066,Patuakhali District Hospital,Fully Government-owned,Barishal,Patuakhali,Kalapara,22.50125,90.69994,District/General Hospital,Secondary,300,57,0,0,1,2026-01-13,1:35,1,2,1,0,0,0,0,0,1,1,1,1,1,0,1,0
FR00067,Sylhet District Hospital,Fully Government-owned,Sylhet,Sylhet,Golapganj,25.25969,91.73955,District/General Hospital,Secondary,100,22,2,0,1,2026-01-13,1:40,1,2,1,0,0,0,0,0,1,1,1,1,1,0,1,0
FR00068,Tongi Upazila Health Complex,Fully Government-owned,Dhaka,Gazipur,Tongi,23.88199,90.15258,Upazila Health Complex,Primary,50,13,0,0,0,2026-01-13,1:45,0,0,1,0,0,0,0,0,0,0,0,0,0,0,0,0
FR00069,Pabna District Hospital,Fully Government-owned,Rajshahi,Pabna,Bera,23.66215,88.33595,District/General Hospital,Secondary,150,77,4,0,1,2026-01-13,1:50,1,2,1,0,0,0,0,0,1,1,1,1,1,0,1,0
FR00070,Kalapara 50-bed Hospital,Fully Government-owned,Barishal,Patuakhali,Kalapara,22.87974,90.17,50-bed Hospital,Secondary,50,23,1,0,1,2026-01-13,1:55,1,2,1,0,0,0,0,0,1,1,1,1,1,0,1,0
FR00071,Barishal Medical College Hospital,Fully Government-owned,Barishal,Barishal,Bakerganj,22.65998,90.04827,Medical College Hospital,Tertiary,1000,348,87,10,1,2026-01-13,2:00,1,3,1,1,1,1,1,1,1,1,1,1,1,1,1,1
FR00072,Sylhet Specialized Hospital,Fully Government-owned,Sylhet,Sylhet,Beanibazar,24.78975,92.2241,Specialized Hospital,Tertiary,154,12,12,0,1,2026-01-13,2:05,1,3,1,1,1,1,1,1,1,1,1,1,1,1,1,1
FR00073,Trishal Upazila Health Complex,Fully Government-owned,Mymensingh,Mymensingh,Trishal,25.0155,90.7775,Upazila Health Complex,Primary,100,33,0,0,0,2026-01-01,9:30,0,0,1,0,0,0,0,0,0,0,0,0,0,0,0,0
FR00074,Jamalpur Trauma Center,Fully Government-owned,Mymensingh,Jamalpur,Sarishabari,24.57005,91.12808,Trauma Center,Tertiary,118,30,9,1,1,2026-01-12,9:45,1,3,1,1,1,1,1,1,1,1,1,1,1,1,1,1
FR00075,Patuakhali Specialized Hospital,Fully Government-owned,Barishal,Patuakhali,Patuakhali Sadar,22.29269,90.02009,Specialized Hospital,Tertiary,391,201,36,12,1,2026-01-12,10:00,1,3,1,1,1,1,1,1,1,1,1,1,1,1,1,1
FR00076,Beanibazar 50-bed Hospital,Fully Government-owned,Sylhet,Sylhet,Beanibazar,24.77227,92.21622,50-bed Hospital,Secondary,50,8,1,0,1,2026-01-12,10:05,1,2,1,0,0,0,0,0,1,1,1,1,1,0,1,0
FR00077,Bakerganj 50-bed Hospital,Fully Government-owned,Barishal,Barishal,Bakerganj,22.32836,90.38862,50-bed Hospital,Secondary,50,16,0,0,1,2026-01-12,10:15,1,2,1,0,0,0,0,0,1,1,1,1,1,0,1,0
FR00078,Jashore Specialized Hospital,Fully Government-owned,Khulna,Jashore,Chaugachha,22.29305,89.19944,Specialized Hospital,Tertiary,329,119,35,5,1,2026-01-12,10:20,1,3,1,1,1,1,1,1,1,1,1,1,1,1,1,1
FR00079,Jashore Trauma Center,Fully Government-owned,Khulna,Jashore,Chaugachha,22.73092,89.38295,Trauma Center,Tertiary,144,45,12,2,1,2026-01-12,10:25,1,3,1,1,1,1,1,1,1,1,1,1,1,1,1,1
FR00080,Moulvibazar Specialized Hospital,Fully Government-owned,Sylhet,Moulvibazar,Kamalganj,24.68443,92.1049,Specialized Hospital,Tertiary,238,120,17,7,1,2026-01-12,10:30,1,3,1,1,1,1,1,1,1,1,1,1,1,1,1,1
FR00081,Sylhet Maternal & Child Welfare Centre (MCWC),Fully Government-owned,Sylhet,Sylhet,Golapganj,25.09088,91.79355,Maternal & Child Welfare Centre (MCWC),Secondary,21,6,0,0,1,2026-01-12,10:35,1,2,1,0,0,0,0,0,1,1,1,1,1,0,1,0
FR00082,Barishal Sadar 30-bed Hospital,Fully Government-owned,Barishal,Barishal,Barishal Sadar,22.19295,90.49561,30-bed Hospital,Secondary,30,12,0,0,1,2026-01-12,10:40,1,2,1,0,0,0,0,0,1,1,1,1,1,0,1,0
FR00083,Bogura Medical College Hospital,Fully Government-owned,Rajshahi,Bogura,Bogura Sadar,23.68942,89.51585,Medical College Hospital,Tertiary,1000,625,99,19,1,2026-01-12,10:45,1,3,1,1,1,1,1,1,1,1,1,1,1,1,1,1
FR00084,Mymensingh Trauma Center,Fully Government-owned,Mymensingh,Mymensingh,Mymensingh Sadar,24.78452,90.3028,Trauma Center,Tertiary,122,56,10,0,1,2026-01-12,10:50,1,3,1,1,1,1,1,1,1,1,1,1,1,1,1,1
FR00085,Narayanganj District Hospital,Fully Government-owned,Dhaka,Narayanganj,Sonargaon,23.63704,90.44061,District/General Hospital,Secondary,100,35,1,0,1,2026-01-12,10:55,1,2,1,0,0,0,0,0,1,1,1,1,1,0,1,0
FR00086,Gazipur Trauma Center,Fully Government-owned,Dhaka,Gazipur,Tongi,23.7241,90.39065,Trauma Center,Tertiary,127,42,7,0,1,2026-01-12,11:00,1,3,1,1,1,1,1,1,1,1,1,1,1,1,1,1
FR00087,Mithapukur 10-bed Hospital,Fully Government-owned,Rangpur,Rangpur,Mithapukur,25.67577,89.38853,10-bed Hospital,Primary,10,0,0,0,0,2026-01-01,11:05,0,0,1,0,0,0,0,0,0,0,0,0,0,0,0,0
FR00088,Mirpur 50-bed Hospital,Fully Government-owned,Dhaka,Dhaka,Mirpur,23.67853,90.12167,50-bed Hospital,Secondary,50,13,1,0,1,2026-01-12,11:10,1,2,1,0,0,0,0,0,1,1,1,1,1,0,1,0
FR00089,Panchlaish 10-bed Hospital,Fully Government-owned,Chattogram,Chattogram,Panchlaish,22.23983,91.43264,10-bed Hospital,Primary,10,0,0,0,0,2026-01-12,11:15,0,0,1,0,0,0,0,0,0,0,0,0,0,0,0,0
FR00090,Phulpur 50-bed Hospital,Fully Government-owned,Mymensingh,Mymensingh,Phulpur,24.98756,90.8273,50-bed Hospital,Secondary,50,6,1,0,1,2026-01-12,11:20,1,2,1,0,0,0,0,0,1,1,1,1,1,0,1,0
FR00091,Jashore Maternal & Child Welfare Centre (MCWC),Fully Government-owned,Khulna,Jashore,Jashore Sadar,23.10841,89.74397,Maternal & Child Welfare Centre (MCWC),Secondary,24,5,0,0,1,2026-01-12,11:25,1,2,1,0,0,0,0,0,1,1,1,1,1,0,1,0
FR00092,Kotwali 30-bed Hospital,Fully Government-owned,Chattogram,Chattogram,Kotwali,22.2374,91.70409,30-bed Hospital,Secondary,31,12,0,0,1,2026-01-12,11:30,1,2,1,0,0,0,0,0,1,1,1,1,1,0,1,0
FR00093,Dinajpur Maternal & Child Welfare Centre (MCWC),Fully Government-owned,Rangpur,Dinajpur,Parbatipur,26.15686,89.68942,Maternal & Child Welfare Centre (MCWC),Secondary,41,11,1,0,1,2026-01-12,11:30,1,2,1,0,0,0,0,0,1,1,1,1,1,0,1,0
FR00094,Moulvibazar District Hospital,Fully Government-owned,Sylhet,Moulvibazar,Moulvibazar Sadar,25.16877,92.00264,District/General Hospital,Secondary,150,23,4,0,1,2026-01-12,21:55,1,2,1,0,0,0,0,0,1,1,1,1,1,0,1,0
FR00095,Narayanganj Medical College Hospital,Fully Government-owned,Dhaka,Narayanganj,Araihazar,23.92576,90.64125,Medical College Hospital,Tertiary,750,156,62,9,1,2026-01-12,22:00,1,3,1,1,1,1,1,1,1,1,1,1,1,1,1,1
FR00096,Pabna Specialized Hospital,Fully Government-owned,Rajshahi,Pabna,Ishwardi,24.11252,88.74948,Specialized Hospital,Tertiary,146,26,12,5,1,2026-01-12,22:05,1,3,1,1,1,1,1,1,1,1,1,1,1,1,1,1
FR00097,Hathazari 10-bed Hospital,Fully Government-owned,Chattogram,Chattogram,Hathazari,23.19039,92.21357,10-bed Hospital,Primary,10,1,0,0,0,2026-01-12,22:10,1,1,1,0,0,0,0,0,0,0,0,0,0,0,0,0
FR00098,Moulvibazar District Hospital,Fully Government-owned,Sylhet,Moulvibazar,Sreemangal,25.15994,91.60081,District/General Hospital,Secondary,300,89,8,0,1,2026-01-12,22:15,1,2,1,0,0,0,0,0,1,1,1,1,1,0,1,0
FR00099,Jamalpur Sadar 50-bed Hospital,Fully Government-owned,Mymensingh,Jamalpur,Jamalpur Sadar,24.84834,90.58625,50-bed Hospital,Secondary,50,14,1,0,1,2026-01-12,22:20,1,2,1,0,0,0,0,0,1,1,1,1,1,0,1,0
FR00100,Gazipur Maternal & Child Welfare Centre (MCWC),Fully Government-owned,Dhaka,Gazipur,Kaliakair,23.81906,90.48878,Maternal & Child Welfare Centre (MCWC),Secondary,18,3,1,0,1,2026-01-10,22:25,1,2,1,0,0,0,0,0,1,1,1,1,1,0,1,0
FR00101,Kotwali Upazila Health Complex,Fully Government-owned,Chattogram,Chattogram,Kotwali,22.4045,91.49321,Upazila Health Complex,Primary,50,8,0,0,0,2026-01-12,22:30,0,0,1,0,0,0,0,0,0,0,0,0,0,0,0,0
FR00102,Phulpur Upazila Health Complex,Fully Government-owned,Mymensingh,Mymensingh,Phulpur,24.62105,90.87595,Upazila Health Complex,Primary,50,12,0,0,0,2026-01-12,22:35,0,0,1,0,0,0,0,0,0,0,0,0,0,0,0,0
FR00103,Mymensingh Maternal & Child Welfare Centre (MCWC),Fully Government-owned,Mymensingh,Mymensingh,Trishal,25.31406,90.65907,Maternal & Child Welfare Centre (MCWC),Secondary,19,13,0,0,1,2026-01-12,22:40,1,2,1,0,0,0,0,0,1,1,1,1,1,0,1,0
FR00104,Paba 10-bed Hospital,Fully Government-owned,Rajshahi,Rajshahi,Paba,24.26161,89.44877,10-bed Hospital,Primary,10,0,0,0,0,2026-01-12,22:45,0,0,1,0,0,0,0,0,0,0,0,0,0,0,0,0
FR00105,Mymensingh Maternal & Child Welfare Centre (MCWC),Fully Government-owned,Mymensingh,Mymensingh,Trishal,24.90711,90.69777,Maternal & Child Welfare Centre (MCWC),Secondary,40,17,0,0,1,2026-01-12,22:50,1,2,1,0,0,0,0,0,1,1,1,1,1,0,1,0
FR00106,Jamalpur Sadar 50-bed Hospital,Fully Government-owned,Mymensingh,Jamalpur,Jamalpur Sadar,25.1531,90.14801,50-bed Hospital,Secondary,50,9,0,0,1,2026-01-12,22:55,1,2,1,0,0,0,0,0,1,1,1,1,1,0,1,0
FR00107,Islampur Upazila Health Complex,Fully Government-owned,Mymensingh,Jamalpur,Islampur,24.43887,91.16189,Upazila Health Complex,Primary,50,18,0,0,1,2026-01-12,23:00,0,0,1,0,0,0,0,0,0,0,0,1,0,0,0,0
FR00108,Mymensingh Specialized Hospital,Fully Government-owned,Mymensingh,Mymensingh,Phulpur,24.75098,90.82026,Specialized Hospital,Tertiary,107,55,11,0,1,2026-01-12,23:05,1,3,1,1,1,1,1,1,1,1,1,1,1,1,1,1
FR00109,Paba 30-bed Hospital,Fully Government-owned,Rajshahi,Rajshahi,Paba,24.09623,88.41244,30-bed Hospital,Secondary,31,3,1,0,1,2026-01-12,23:10,1,2,1,0,0,0,0,0,1,1,1,1,1,0,1,0
FR00110,Moulvibazar Specialized Hospital,Fully Government-owned,Sylhet,Moulvibazar,Sreemangal,24.55474,92.04181,Specialized Hospital,Tertiary,377,102,20,0,1,2026-01-12,23:15,1,3,1,1,1,1,1,1,1,1,1,1,1,1,1,1
FR00111,Barishal District Hospital,Fully Government-owned,Barishal,Barishal,Bakerganj,22.78848,90.49272,District/General Hospital,Secondary,300,131,9,0,1,2026-01-12,23:20,1,2,1,0,0,0,0,0,1,1,1,1,1,0,1,0
FR00112,Cox's Bazar Sadar 30-bed Hospital,Fully Government-owned,Chattogram,Cox's Bazar,Cox's Bazar Sadar,22.89229,91.69337,30-bed Hospital,Secondary,30,5,0,0,1,2026-01-12,23:25,1,2,1,0,0,0,0,0,1,1,1,1,1,0,1,0
FR00113,Moulvibazar Sadar 50-bed Hospital,Fully Government-owned,Sylhet,Moulvibazar,Moulvibazar Sadar,25.13402,91.71899,50-bed Hospital,Secondary,50,6,1,0,1,2026-01-12,23:30,1,2,1,0,0,0,0,0,1,1,1,1,1,0,1,0
FR00114,Cumilla Trauma Center,Fully Government-owned,Chattogram,Cumilla,Daudkandi,22.46631,91.63219,Trauma Center,Tertiary,111,12,9,0,1,2026-01-12,23:35,1,3,1,1,1,1,1,1,1,1,1,1,1,1,1,1
FR00115,Patuakhali Medical College Hospital,Fully Government-owned,Barishal,Patuakhali,Kalapara,22.68089,90.11058,Medical College Hospital,Tertiary,1200,80,136,55,1,2026-01-12,23:40,1,3,1,1,1,1,1,1,1,1,1,1,1,1,1,1
FR00116,Sarishabari 30-bed Hospital,Fully Government-owned,Mymensingh,Jamalpur,Sarishabari,24.80252,90.43233,30-bed Hospital,Secondary,31,6,1,0,1,2026-01-12,23:45,1,2,1,0,0,0,0,0,1,1,1,1,1,0,1,0
FR00117,Dinajpur Sadar 50-bed Hospital,Fully Government-owned,Rangpur,Dinajpur,Dinajpur Sadar,26.1197,89.79269,50-bed Hospital,Secondary,50,4,1,0,1,2026-01-08,23:50,1,2,1,0,0,0,0,0,1,1,1,1,1,0,1,0
FR00118,Bakerganj 10-bed Hospital,Fully Government-owned,Barishal,Barishal,Bakerganj,22.92459,90.54482,10-bed Hospital,Primary,10,2,0,0,0,2026-01-12,23:55,1,1,1,0,0,0,0,0,0,0,0,0,0,0,0,0
FR00119,Jamalpur Trauma Center,Fully Government-owned,Mymensingh,Jamalpur,Jamalpur Sadar,24.50915,90.37569,Trauma Center,Tertiary,140,23,9,0,1,2026-01-13,0:00,1,3,1,1,1,1,1,1,1,1,1,1,1,1,1,1
FR00120,Pabna Medical College Hospital,Fully Government-owned,Rajshahi,Pabna,Pabna Sadar,23.55005,88.81081,Medical College Hospital,Tertiary,1000,602,105,14,1,2026-01-13,0:05,1,3,1,1,1,1,1,1,1,1,1,1,1,1,1,1
FR00121,Paba 20-bed Hospital,Fully Government-owned,Rajshahi,Rajshahi,Paba,23.69824,89.05517,20-bed Hospital,Primary,20,4,0,0,0,2026-01-13,0:10,1,1,1,0,0,0,0,0,0,0,0,0,0,0,0,0
FR00122,Barishal Specialized Hospital,Fully Government-owned,Barishal,Barishal,Babuganj,22.24033,90.08062,Specialized Hospital,Tertiary,251,100,26,9,1,2026-01-13,0:15,1,3,1,1,1,1,1,1,1,1,1,1,1,1,1,1
FR00123,Kotwali 10-bed Hospital,Fully Government-owned,Chattogram,Chattogram,Kotwali,22.08915,91.66446,10-bed Hospital,Primary,10,1,0,0,0,2026-01-13,0:20,1,1,1,0,0,0,0,0,0,0,0,0,1,0,0,0
FR00124,Galachipa 20-bed Hospital,Fully Government-owned,Barishal,Patuakhali,Galachipa,22.41292,90.43368,20-bed Hospital,Primary,20,6,0,0,0,2026-01-13,0:25,0,0,1,0,0,0,0,0,0,0,0,0,0,0,0,0
FR00125,Khulna Specialized Hospital,Fully Government-owned,Khulna,Khulna,Batiaghata,22.6083,89.1258,Specialized Hospital,Tertiary,458,45,33,16,1,2026-01-13,0:30,1,3,1,1,1,1,1,1,1,1,1,1,1,1,1,1
FR00126,Narayanganj District Hospital,Fully Government-owned,Dhaka,Narayanganj,Sonargaon,23.86877,90.27205,District/General Hospital,Secondary,100,5,1,0,1,2026-01-13,0:35,1,2,1,0,0,0,0,0,1,1,1,1,1,0,1,0
FR00127,Kamalganj Upazila Health Complex,Fully Government-owned,Sylhet,Moulvibazar,Kamalganj,25.16695,92.03096,Upazila Health Complex,Primary,50,6,0,0,0,2026-01-13,0:40,0,0,1,0,0,0,0,0,0,0,0,0,0,0,0,0
FR00128,Sylhet Specialized Hospital,Fully Government-owned,Sylhet,Sylhet,Beanibazar,24.57948,92.07998,Specialized Hospital,Tertiary,220,20,24,5,1,2026-01-13,0:45,1,3,1,1,1,1,1,1,1,1,1,1,1,1,1,1
FR00129,Beanibazar 30-bed Hospital,Fully Government-owned,Sylhet,Sylhet,Beanibazar,25.25921,92.17693,30-bed Hospital,Secondary,30,6,1,0,1,2026-01-13,0:50,1,2,1,0,0,0,0,0,1,1,1,1,1,0,1,0
FR00130,Cumilla Trauma Center,Fully Government-owned,Chattogram,Cumilla,Cumilla Sadar,21.96702,92.38882,Trauma Center,Tertiary,55,8,6,0,1,2026-01-06,0:55,1,3,1,1,1,1,1,1,1,1,1,1,1,1,1,1
FR00131,Batiaghata 50-bed Hospital,Fully Government-owned,Khulna,Khulna,Batiaghata,22.433,89.69693,50-bed Hospital,Secondary,50,2,1,0,1,2026-01-13,1:00,1,2,1,0,0,0,0,0,1,1,1,1,1,0,1,0
FR00132,Narayanganj Sadar Upazila Health Complex,Fully Government-owned,Dhaka,Narayanganj,Narayanganj Sadar,23.68725,90.46274,Upazila Health Complex,Primary,100,20,0,0,1,2026-01-13,1:05,1,1,1,0,0,0,0,0,0,0,0,1,1,0,0,0
FR00133,Jashore Sadar Upazila Health Complex,Fully Government-owned,Khulna,Jashore,Jashore Sadar,22.94172,89.47348,Upazila Health Complex,Primary,50,9,0,0,0,2026-01-13,1:10,1,1,1,0,0,0,0,0,0,0,0,0,0,0,0,0
FR00134,Sylhet Maternal & Child Welfare Centre (MCWC),Fully Government-owned,Sylhet,Sylhet,Beanibazar,24.53469,92.14826,Maternal & Child Welfare Centre (MCWC),Secondary,24,6,1,0,1,2026-01-13,1:15,1,2,1,0,0,0,0,0,1,1,1,1,1,0,1,0
FR00135,Patuakhali Medical College Hospital,Fully Government-owned,Barishal,Patuakhali,Galachipa,22.90149,90.29839,Medical College Hospital,Tertiary,500,205,60,12,1,2026-01-13,1:20,1,3,1,1,1,1,1,1,1,1,1,1,1,1,1,1
FR00136,Cox's Bazar Specialized Hospital,Fully Government-owned,Chattogram,Cox's Bazar,Ukhia,21.94422,91.54833,Specialized Hospital,Tertiary,137,80,15,0,1,2026-01-13,1:25,1,3,1,1,1,1,1,1,1,1,1,1,1,1,1,1
FR00137,Bogura Trauma Center,Fully Government-owned,Rajshahi,Bogura,Sherpur,24.07136,89.13635,Trauma Center,Tertiary,190,140,19,5,1,2026-01-13,1:30,1,3,1,1,1,1,1,1,1,1,1,1,1,1,1,1
FR00138,Patuakhali Trauma Center,Fully Government-owned,Barishal,Patuakhali,Galachipa,22.71231,90.59696,Trauma Center,Tertiary,160,60,9,3,1,2026-01-13,1:35,1,3,1,1,1,1,1,1,1,1,1,1,1,1,1,1
FR00139,Jhikargacha 50-bed Hospital,Fully Government-owned,Khulna,Jashore,Jhikargacha,22.6535,89.37439,50-bed Hospital,Secondary,50,9,1,0,1,2026-01-13,1:40,1,2,1,0,0,0,0,0,1,1,1,1,1,0,1,0
FR00140,Teknaf 20-bed Hospital,Fully Government-owned,Chattogram,Cox's Bazar,Teknaf,21.60528,92.32299,20-bed Hospital,Primary,20,0,0,0,0,2026-01-13,1:45,0,0,1,0,0,0,0,0,0,0,0,0,1,0,0,0
FR00141,Cox's Bazar Sadar 20-bed Hospital,Fully Government-owned,Chattogram,Cox's Bazar,Cox's Bazar Sadar,22.47293,91.96159,20-bed Hospital,Primary,20,3,0,0,1,2026-01-13,1:50,0,0,1,0,0,0,0,0,0,0,0,1,0,0,0,0
FR00142,Moulvibazar Medical College Hospital,Fully Government-owned,Sylhet,Moulvibazar,Kamalganj,24.78132,92.00454,Medical College Hospital,Tertiary,1000,406,92,22,1,2026-01-13,1:55,1,3,1,1,1,1,1,1,1,1,1,1,1,1,1,1
FR00143,Khulna Specialized Hospital,Fully Government-owned,Khulna,Khulna,Batiaghata,22.55011,89.50064,Specialized Hospital,Tertiary,214,12,23,5,1,2026-01-13,2:00,1,3,1,1,1,1,1,1,1,1,1,1,1,1,1,1
FR00144,Ukhia 50-bed Hospital,Fully Government-owned,Chattogram,Cox's Bazar,Ukhia,23.24909,92.21843,50-bed Hospital,Secondary,50,0,1,0,1,2026-01-13,2:05,1,2,1,0,0,0,0,0,1,1,1,1,1,0,1,0
FR00145,Narayanganj Sadar Upazila Health Complex,Fully Government-owned,Dhaka,Narayanganj,Narayanganj Sadar,23.75449,90.23788,Upazila Health Complex,Primary,50,9,0,0,0,2026-01-12,9:30,0,0,1,0,0,0,0,0,0,0,0,0,1,0,0,0
FR00146,Rangpur Medical College Hospital,Fully Government-owned,Rangpur,Rangpur,Rangpur Sadar,25.54421,89.21983,Medical College Hospital,Tertiary,500,103,51,23,1,2026-01-12,9:45,1,3,1,1,1,1,1,1,1,1,1,1,1,1,1,1
FR00147,Beanibazar 30-bed Hospital,Fully Government-owned,Sylhet,Sylhet,Beanibazar,24.95408,91.65947,30-bed Hospital,Secondary,31,0,1,0,1,2026-01-12,10:00,1,2,1,0,0,0,0,0,1,1,1,1,1,0,1,0
FR00148,Gazipur Trauma Center,Fully Government-owned,Dhaka,Gazipur,Tongi,23.73605,90.46336,Trauma Center,Tertiary,62,1,6,0,1,2026-01-12,10:05,1,3,1,1,1,1,1,1,1,1,1,1,1,1,1,1
FR00149,Islampur 30-bed Hospital,Fully Government-owned,Mymensingh,Jamalpur,Islampur,24.4252,90.57291,30-bed Hospital,Secondary,30,5,1,0,1,2026-01-12,10:15,1,2,1,0,0,0,0,0,1,1,1,1,1,0,1,0
FR00150,Galachipa 30-bed Hospital,Fully Government-owned,Barishal,Patuakhali,Galachipa,23.07978,90.03835,30-bed Hospital,Secondary,30,3,0,0,1,2026-01-12,10:20,1,2,1,0,0,0,0,0,1,1,1,1,1,0,1,0
FR00151,Jashore Sadar Upazila Health Complex,Fully Government-owned,Khulna,Jashore,Jashore Sadar,22.31998,89.44765,Upazila Health Complex,Primary,50,9,0,0,1,2026-01-12,10:25,1,1,1,0,0,0,0,0,0,0,0,1,0,0,0,0
FR00152,Jashore Sadar 10-bed Hospital,Fully Government-owned,Khulna,Jashore,Jashore Sadar,22.65975,89.07008,10-bed Hospital,Primary,10,0,0,0,0,2026-01-12,10:30,0,0,1,0,0,0,0,0,0,0,0,0,0,0,0,0
FR00153,Dinajpur District Hospital,Fully Government-owned,Rangpur,Dinajpur,Birganj,25.71963,89.60132,District/General Hospital,Secondary,300,12,0,0,1,2026-01-12,10:35,1,2,1,0,0,0,0,0,1,1,1,1,1,0,1,0
FR00154,Jamalpur Sadar 10-bed Hospital,Fully Government-owned,Mymensingh,Jamalpur,Jamalpur Sadar,24.94776,90.67636,10-bed Hospital,Primary,10,0,0,0,0,2026-01-12,10:40,1,1,1,0,0,0,0,0,0,0,0,0,0,0,0,0
FR00155,Beanibazar Upazila Health Complex,Fully Government-owned,Sylhet,Sylhet,Beanibazar,24.59122,91.95697,Upazila Health Complex,Primary,31,6,0,0,0,2026-01-12,10:45,0,0,1,0,0,0,0,0,0,0,0,0,0,0,0,0
FR00156,Rajshahi Sadar Upazila Health Complex,Fully Government-owned,Rajshahi,Rajshahi,Rajshahi Sadar,24.4036,89.3643,Upazila Health Complex,Primary,50,41,0,0,0,2026-01-12,10:50,1,1,1,0,0,0,0,0,0,0,0,0,0,0,0,0
FR00157,Jamalpur Trauma Center,Fully Government-owned,Mymensingh,Jamalpur,Sarishabari,25.27025,90.80729,Trauma Center,Tertiary,164,120,16,0,1,2026-01-12,10:55,1,3,1,1,1,1,1,1,1,1,1,1,1,1,1,1
FR00158,Moulvibazar Specialized Hospital,Fully Government-owned,Sylhet,Moulvibazar,Moulvibazar Sadar,25.00511,92.15743,Specialized Hospital,Tertiary,134,80,11,1,1,2026-01-12,11:00,1,3,1,1,1,1,1,1,1,1,1,1,1,1,1,1
FR00159,Narayanganj District Hospital,Fully Government-owned,Dhaka,Narayanganj,Araihazar,23.6188,90.25812,District/General Hospital,Secondary,250,90,3,0,1,2026-01-12,11:05,1,2,1,0,0,0,0,0,1,1,1,1,1,0,1,0
FR00160,Barishal District Hospital,Fully Government-owned,Barishal,Barishal,Bakerganj,22.29983,90.40623,District/General Hospital,Secondary,500,250,9,0,1,2026-01-12,11:10,1,2,1,0,0,0,0,0,1,1,1,1,1,0,1,0
FR00161,Kalihati 50-bed Hospital,Fully Government-owned,Dhaka,Tangail,Kalihati,23.85068,90.67041,50-bed Hospital,Secondary,50,6,1,0,1,2026-01-12,11:15,1,2,1,0,0,0,0,0,1,1,1,1,1,0,1,0
FR00162,Mymensingh District Hospital,Fully Government-owned,Mymensingh,Mymensingh,Trishal,24.34306,90.87838,District/General Hospital,Secondary,500,104,10,2,1,2026-01-12,11:20,1,2,1,0,0,0,0,0,1,1,1,1,1,0,1,0
FR00163,Trishal 20-bed Hospital,Fully Government-owned,Mymensingh,Mymensingh,Trishal,25.15191,90.84679,20-bed Hospital,Primary,20,0,0,0,0,2026-01-12,11:25,0,0,1,0,0,0,0,0,0,0,0,0,1,0,0,0
FR00164,Sylhet District Hospital,Fully Government-owned,Sylhet,Sylhet,Beanibazar,24.72732,92.10661,District/General Hospital,Secondary,500,3,10,0,1,2026-01-12,11:30,1,2,1,0,0,0,0,0,1,1,1,1,1,0,1,0
FR00165,Bogura Trauma Center,Fully Government-owned,Rajshahi,Bogura,Bogura Sadar,23.96535,89.21848,Trauma Center,Tertiary,86,58,10,0,1,2026-01-12,11:30,1,3,1,1,1,1,1,1,1,1,1,1,1,1,1,1
FR00166,Rangpur District Hospital,Fully Government-owned,Rangpur,Rangpur,Mithapukur,26.22959,89.12848,District/General Hospital,Secondary,250,60,4,0,1,2026-01-12,21:55,1,2,1,0,0,0,0,0,1,1,1,1,1,0,1,0
FR00167,Pabna Maternal & Child Welfare Centre (MCWC),Fully Government-owned,Rajshahi,Pabna,Bera,24.13511,88.80656,Maternal & Child Welfare Centre (MCWC),Secondary,15,0,0,0,1,2026-01-12,22:00,1,2,1,0,0,0,0,0,1,1,1,1,1,0,1,0
FR00168,Moulvibazar Sadar 50-bed Hospital,Fully Government-owned,Sylhet,Moulvibazar,Moulvibazar Sadar,24.88902,91.75858,50-bed Hospital,Secondary,50,4,1,0,1,2026-01-12,22:05,1,2,1,0,0,0,0,0,1,1,1,1,1,0,1,0
FR00169,Rajshahi Sadar 30-bed Hospital,Fully Government-owned,Rajshahi,Rajshahi,Rajshahi Sadar,24.30966,89.3341,30-bed Hospital,Secondary,30,12,0,0,1,2026-01-12,22:10,1,2,1,0,0,0,0,0,1,1,1,1,1,0,1,0
FR00170,Araihazar Upazila Health Complex,Fully Government-owned,Dhaka,Narayanganj,Araihazar,23.68112,90.58194,Upazila Health Complex,Primary,100,55,0,0,0,2026-01-12,22:15,0,0,1,0,0,0,0,0,0,0,0,0,0,0,0,0
FR00171,Pabna Medical College Hospital,Fully Government-owned,Rajshahi,Pabna,Ishwardi,24.57938,89.65742,Medical College Hospital,Tertiary,1200,60,91,33,1,2026-01-12,22:20,1,3,1,1,1,1,1,1,1,1,1,1,1,1,1,1
FR00172,Patuakhali Maternal & Child Welfare Centre (MCWC),Fully Government-owned,Barishal,Patuakhali,Patuakhali Sadar,22.85121,90.32831,Maternal & Child Welfare Centre (MCWC),Secondary,25,0,0,0,1,2026-01-12,22:25,1,2,1,0,0,0,0,0,1,1,1,1,1,0,1,0
FR00173,Jashore Trauma Center,Fully Government-owned,Khulna,Jashore,Chaugachha,22.48177,89.34369,Trauma Center,Tertiary,162,13,13,2,1,2026-01-12,22:30,1,3,1,1,1,1,1,1,1,1,1,1,1,1,1,1
FR00174,Rangpur Trauma Center,Fully Government-owned,Rangpur,Rangpur,Rangpur Sadar,25.28349,89.28059,Trauma Center,Tertiary,85,8,9,0,1,2026-01-12,22:35,1,3,1,1,1,1,1,1,1,1,1,1,1,1,1,1
FR00175,Sylhet Maternal & Child Welfare Centre (MCWC),Fully Government-owned,Sylhet,Sylhet,Golapganj,25.11049,91.79095,Maternal & Child Welfare Centre (MCWC),Secondary,17,7,0,0,1,2026-01-12,22:40,1,2,1,0,0,0,0,0,1,1,1,1,1,0,1,0
FR00176,Bogura Sadar 50-bed Hospital,Fully Government-owned,Rajshahi,Bogura,Bogura Sadar,24.89571,88.88086,50-bed Hospital,Secondary,50,15,1,0,1,2026-01-12,22:45,1,2,1,0,0,0,0,0,1,1,1,1,1,0,1,0
FR00177,Dinajpur Sadar 10-bed Hospital,Fully Government-owned,Rangpur,Dinajpur,Dinajpur Sadar,25.2451,89.73083,10-bed Hospital,Primary,10,1,0,0,0,2026-01-12,22:50,0,0,1,0,0,0,0,0,0,0,0,0,0,0,0,0
FR00178,Rajshahi Sadar 30-bed Hospital,Fully Government-owned,Rajshahi,Rajshahi,Rajshahi Sadar,23.70819,89.28775,30-bed Hospital,Secondary,31,10,1,0,1,2026-01-12,22:55,1,2,1,0,0,0,0,0,1,1,1,1,1,0,1,0
FR00179,Mymensingh Medical College Hospital,Fully Government-owned,Mymensingh,Mymensingh,Mymensingh Sadar,24.46447,91.13425,Medical College Hospital,Tertiary,1000,140,65,30,1,2026-01-12,23:00,1,3,1,1,1,1,1,1,1,1,1,1,1,1,1,1
FR00180,Badarganj 50-bed Hospital,Fully Government-owned,Rangpur,Rangpur,Badarganj,25.5815,89.43895,50-bed Hospital,Secondary,50,5,0,0,1,2026-01-12,23:05,1,2,1,0,0,0,0,0,1,1,1,1,1,0,1,0
FR00181,Mymensingh Specialized Hospital,Fully Government-owned,Mymensingh,Mymensingh,Mymensingh Sadar,24.99515,90.73255,Specialized Hospital,Tertiary,405,200,35,12,1,2026-01-12,23:10,1,3,1,1,1,1,1,1,1,1,1,1,1,1,1,1
FR00182,Bogura Medical College Hospital,Fully Government-owned,Rajshahi,Bogura,Shibganj,24.12485,89.23012,Medical College Hospital,Tertiary,1000,80,67,9,1,2026-01-12,23:15,1,3,1,1,1,1,1,1,1,1,1,1,1,1,1,1
FR00183,Cumilla District Hospital,Fully Government-owned,Chattogram,Cumilla,Daudkandi,22.87283,91.90762,District/General Hospital,Secondary,500,50,8,0,1,2026-01-12,23:20,1,2,1,0,0,0,0,0,1,1,1,1,1,0,1,0
FR00184,Tangail Medical College Hospital,Fully Government-owned,Dhaka,Tangail,Ghatail,23.72683,90.01137,Medical College Hospital,Tertiary,1200,120,142,102,1,2026-01-12,23:25,1,3,1,1,1,1,1,1,1,1,1,1,1,1,1,1
FR00185,Cox's Bazar District Hospital,Fully Government-owned,Chattogram,Cox's Bazar,Cox's Bazar Sadar,21.96504,91.44434,District/General Hospital,Secondary,500,80,11,1,1,2026-01-12,23:30,1,2,1,0,0,0,0,0,1,1,1,1,1,0,1,0
FR00186,Sylhet Specialized Hospital,Fully Government-owned,Sylhet,Sylhet,Golapganj,24.64582,91.6944,Specialized Hospital,Tertiary,456,140,38,5,1,2026-01-12,23:35,1,3,1,1,1,1,1,1,1,1,1,1,1,1,1,1
FR00187,Trishal 50-bed Hospital,Fully Government-owned,Mymensingh,Mymensingh,Trishal,25.27437,90.44716,50-bed Hospital,Secondary,50,0,1,0,1,2026-01-12,23:40,1,2,1,0,0,0,0,0,1,1,1,1,1,0,1,0
FR00188,Patuakhali Specialized Hospital,Fully Government-owned,Barishal,Patuakhali,Galachipa,22.64097,90.20028,Specialized Hospital,Tertiary,229,30,12,0,1,2026-01-12,23:45,1,3,1,1,1,1,1,1,1,1,1,1,1,1,1,1
FR00189,Narayanganj District Hospital,Fully Government-owned,Dhaka,Narayanganj,Sonargaon,23.80001,90.30782,District/General Hospital,Secondary,250,20,3,0,1,2026-01-12,23:50,1,2,1,0,0,0,0,0,1,1,1,1,1,0,1,0
FR00190,Dinajpur Specialized Hospital,Fully Government-owned,Rangpur,Dinajpur,Dinajpur Sadar,26.6789,89.31928,Specialized Hospital,Tertiary,454,40,39,4,1,2026-01-12,23:55,1,3,1,1,1,1,1,1,1,1,1,1,1,1,1,1
FR00191,Cumilla District Hospital,Fully Government-owned,Chattogram,Cumilla,Daudkandi,22.94468,91.94547,District/General Hospital,Secondary,300,90,5,0,1,2026-01-13,0:00,1,2,1,0,0,0,0,0,1,1,1,1,1,0,1,0
FR00192,Sylhet Sadar 20-bed Hospital,Fully Government-owned,Sylhet,Sylhet,Sylhet Sadar,24.9821,91.89828,20-bed Hospital,Primary,20,0,0,0,0,2026-01-13,0:05,1,1,1,0,0,0,0,0,0,0,0,0,0,0,0,0
FR00193,Araihazar 10-bed Hospital,Fully Government-owned,Dhaka,Narayanganj,Araihazar,23.99574,90.04015,10-bed Hospital,Primary,10,0,0,0,0,2026-01-13,0:10,0,0,1,0,0,0,0,0,0,0,0,0,0,0,0,0
FR00194,Rajshahi Trauma Center,Fully Government-owned,Rajshahi,Rajshahi,Rajshahi Sadar,23.60085,89.38992,Trauma Center,Tertiary,162,14,8,1,1,2026-01-13,0:15,1,3,1,1,1,1,1,1,1,1,1,1,1,1,1,1
FR00195,Moulvibazar Trauma Center,Fully Government-owned,Sylhet,Moulvibazar,Sreemangal,25.04325,92.26418,Trauma Center,Tertiary,58,5,6,0,1,2026-01-13,0:20,1,3,1,1,1,1,1,1,1,1,1,1,1,1,1,1
FR00196,Moulvibazar Trauma Center,Fully Government-owned,Sylhet,Moulvibazar,Moulvibazar Sadar,24.81843,92.05469,Trauma Center,Tertiary,85,15,7,0,1,2026-01-13,0:25,1,3,1,1,1,1,1,1,1,1,1,1,1,1,1,1
FR00197,Khulna Sadar Upazila Health Complex,Fully Government-owned,Khulna,Khulna,Khulna Sadar,23.11354,89.10599,Upazila Health Complex,Primary,50,0,0,0,0,2026-01-13,0:30,0,0,1,0,0,0,0,0,0,0,0,0,0,0,0,0
FR00198,Jashore Specialized Hospital,Fully Government-owned,Khulna,Jashore,Chaugachha,23.05283,89.40684,Specialized Hospital,Tertiary,202,18,12,0,1,2026-01-13,0:35,1,3,1,1,1,1,1,1,1,1,1,1,1,1,1,1
FR00199,Phulpur 20-bed Hospital,Fully Government-owned,Mymensingh,Mymensingh,Phulpur,24.905,90.4194,20-bed Hospital,Primary,20,0,0,0,0,2026-01-13,0:40,0,0,1,0,0,0,0,0,0,0,0,0,0,0,0,0
FR00200,Sherpur 50-bed Hospital,Fully Government-owned,Rajshahi,Bogura,Sherpur,24.6881,88.63143,50-bed Hospital,Secondary,50,9,1,0,1,2026-01-13,0:45,1,2,1,0,0,0,0,0,1,1,1,1,1,0,1,0